"","from","to","weight","type","subtype","name"
"1",1,2,600,"pottery","decor","straight_cord_mat"
"2",1,3,4.52488687782806,"pottery","decor","straight_cord_mat"
"3",1,4,1381.6,"pottery","decor","straight_cord_mat"
"4",1,5,1312.0464444,"pottery","decor","straight_cord_mat"
"5",1,6,1748.4662577,"pottery","decor","straight_cord_mat"
"6",1,15,224.108658743633,"pottery","decor","straight_cord_mat"
"7",2,3,0.754147812971342,"pottery","decor","straight_cord_mat"
"8",2,4,230.266666666667,"pottery","decor","straight_cord_mat"
"9",2,5,218.6744074,"pottery","decor","straight_cord_mat"
"10",2,6,291.41104295,"pottery","decor","straight_cord_mat"
"11",2,15,37.3514431239389,"pottery","decor","straight_cord_mat"
"12",3,4,1.73655103066868,"pottery","decor","straight_cord_mat"
"13",3,5,1.64912826093514,"pottery","decor","straight_cord_mat"
"14",3,6,2.1976700071644,"pottery","decor","straight_cord_mat"
"15",3,15,0.28168509143242,"pottery","decor","straight_cord_mat"
"16",4,5,503.534268773067,"pottery","decor","straight_cord_mat"
"17",4,6,671.022494899533,"pottery","decor","straight_cord_mat"
"18",4,15,86.0079230333899,"pottery","decor","straight_cord_mat"
"19",5,6,637.241371269072,"pottery","decor","straight_cord_mat"
"20",5,15,81.6780469066214,"pottery","decor","straight_cord_mat"
"21",6,15,108.846229964346,"pottery","decor","straight_cord_mat"
"22",7,2,29.6803653,"pottery","decor","folded_strip_roulette"
"23",7,8,40.269842378766,"pottery","decor","folded_strip_roulette"
"24",7,9,85.5814214224585,"pottery","decor","folded_strip_roulette"
"25",7,3,11.3531451967213,"pottery","decor","folded_strip_roulette"
"26",7,10,39.5045142439804,"pottery","decor","folded_strip_roulette"
"27",7,11,40.2189361595824,"pottery","decor","folded_strip_roulette"
"28",7,12,4.45651130778587,"pottery","decor","folded_strip_roulette"
"29",7,13,29.6803653,"pottery","decor","folded_strip_roulette"
"30",7,14,7.10906953341399,"pottery","decor","folded_strip_roulette"
"31",7,4,17.3432267903,"pottery","decor","folded_strip_roulette"
"32",7,15,10.5821336383701,"pottery","decor","folded_strip_roulette"
"33",7,16,3.68242745633264,"pottery","decor","folded_strip_roulette"
"34",7,17,29.4982771700717,"pottery","decor","folded_strip_roulette"
"35",7,22,106.468645064128,"pottery","decor","folded_strip_roulette"
"36",2,8,135.678392,"pottery","decor","folded_strip_roulette"
"37",2,9,288.3435583,"pottery","decor","folded_strip_roulette"
"38",2,3,38.2513661202186,"pottery","decor","folded_strip_roulette"
"39",2,10,133.0998249,"pottery","decor","folded_strip_roulette"
"40",2,11,135.5068772,"pottery","decor","folded_strip_roulette"
"41",2,12,15.01501502,"pottery","decor","folded_strip_roulette"
"42",2,13,100,"pottery","decor","folded_strip_roulette"
"43",2,14,23.95209581,"pottery","decor","folded_strip_roulette"
"44",2,4,58.4333333333333,"pottery","decor","folded_strip_roulette"
"45",2,15,35.6536502546689,"pottery","decor","folded_strip_roulette"
"46",2,16,12.40694789,"pottery","decor","folded_strip_roulette"
"47",2,17,99.38650307,"pottery","decor","folded_strip_roulette"
"48",2,22,358.71743486974,"pottery","decor","folded_strip_roulette"
"49",8,9,391.219903337023,"pottery","decor","folded_strip_roulette"
"50",8,3,51.8988384699454,"pottery","decor","folded_strip_roulette"
"51",8,10,180.587702179136,"pottery","decor","folded_strip_roulette"
"52",8,11,183.853552034375,"pottery","decor","folded_strip_roulette"
"53",8,12,20.3721309376945,"pottery","decor","folded_strip_roulette"
"54",8,13,135.678392,"pottery","decor","folded_strip_roulette"
"55",8,14,32.4978184453074,"pottery","decor","folded_strip_roulette"
"56",8,4,79.2814070586666,"pottery","decor","folded_strip_roulette"
"57",8,15,48.3742993548387,"pottery","decor","folded_strip_roulette"
"58",8,16,16.8335473934299,"pottery","decor","folded_strip_roulette"
"59",8,17,134.846009230407,"pottery","decor","folded_strip_roulette"
"60",8,22,486.70204745491,"pottery","decor","folded_strip_roulette"
"61",9,3,110.295350169399,"pottery","decor","folded_strip_roulette"
"62",9,10,383.784771207729,"pottery","decor","folded_strip_roulette"
"63",9,11,390.725351459691,"pottery","decor","folded_strip_roulette"
"64",9,12,43.2948285879475,"pottery","decor","folded_strip_roulette"
"65",9,13,288.3435583,"pottery","decor","folded_strip_roulette"
"66",9,14,69.0643253459792,"pottery","decor","folded_strip_roulette"
"67",9,4,168.488752566633,"pottery","decor","folded_strip_roulette"
"68",9,15,102.805003808149,"pottery","decor","folded_strip_roulette"
"69",9,16,35.7746350224528,"pottery","decor","folded_strip_roulette"
"70",9,17,286.574579421977,"pottery","decor","folded_strip_roulette"
"71",9,22,1034.33861594589,"pottery","decor","folded_strip_roulette"
"72",3,10,50.9125013278689,"pottery","decor","folded_strip_roulette"
"73",3,11,51.833231715847,"pottery","decor","folded_strip_roulette"
"74",3,12,5.74344836830601,"pottery","decor","folded_strip_roulette"
"75",3,13,38.2513661202186,"pottery","decor","folded_strip_roulette"
"76",3,14,9.16200386174864,"pottery","decor","folded_strip_roulette"
"77",3,4,22.3515482695811,"pottery","decor","folded_strip_roulette"
"78",3,15,13.6380082941357,"pottery","decor","folded_strip_roulette"
"79",3,16,4.74582706174864,"pottery","decor","folded_strip_roulette"
"80",3,17,38.016695163388,"pottery","decor","folded_strip_roulette"
"81",3,22,137.214319349081,"pottery","decor","folded_strip_roulette"
"82",10,11,180.359416280658,"pottery","decor","folded_strip_roulette"
"83",10,12,19.9849587003287,"pottery","decor","folded_strip_roulette"
"84",10,13,133.0998249,"pottery","decor","folded_strip_roulette"
"85",10,14,31.8801975829902,"pottery","decor","folded_strip_roulette"
"86",10,4,77.7746643499,"pottery","decor","folded_strip_roulette"
"87",10,15,47.4549460594227,"pottery","decor","folded_strip_roulette"
"88",10,16,16.5136259170242,"pottery","decor","folded_strip_roulette"
"89",10,17,132.283261560403,"pottery","decor","folded_strip_roulette"
"90",10,22,477.452277697395,"pottery","decor","folded_strip_roulette"
"91",11,12,20.346377964713,"pottery","decor","folded_strip_roulette"
"92",11,13,135.5068772,"pottery","decor","folded_strip_roulette"
"93",11,14,32.456737056083,"pottery","decor","folded_strip_roulette"
"94",11,4,79.1811852438666,"pottery","decor","folded_strip_roulette"
"95",11,15,48.3131480679117,"pottery","decor","folded_strip_roulette"
"96",11,16,16.8122676415703,"pottery","decor","folded_strip_roulette"
"97",11,17,134.675546668439,"pottery","decor","folded_strip_roulette"
"98",11,22,486.086793963929,"pottery","decor","folded_strip_roulette"
"99",12,13,15.01501502,"pottery","decor","folded_strip_roulette"
"100",12,14,3.59641078347629,"pottery","decor","folded_strip_roulette"
"101",12,4,8.77377377668666,"pottery","decor","folded_strip_roulette"
"102",12,15,5.3534009409168,"pottery","decor","folded_strip_roulette"
"103",12,16,1.86290508920707,"pottery","decor","folded_strip_roulette"
"104",12,17,14.9228983638133,"pottery","decor","folded_strip_roulette"
"105",12,22,53.8614767250502,"pottery","decor","folded_strip_roulette"
"106",13,14,23.95209581,"pottery","decor","folded_strip_roulette"
"107",13,4,58.4333333333333,"pottery","decor","folded_strip_roulette"
"108",13,15,35.6536502546689,"pottery","decor","folded_strip_roulette"
"109",13,16,12.40694789,"pottery","decor","folded_strip_roulette"
"110",13,17,99.38650307,"pottery","decor","folded_strip_roulette"
"111",13,22,358.71743486974,"pottery","decor","folded_strip_roulette"
"112",14,4,13.9960079849767,"pottery","decor","folded_strip_roulette"
"113",14,15,8.5397964687606,"pottery","decor","folded_strip_roulette"
"114",14,16,2.97172404570957,"pottery","decor","folded_strip_roulette"
"115",14,17,23.805150437535,"pottery","decor","folded_strip_roulette"
"116",14,22,85.9203436871745,"pottery","decor","folded_strip_roulette"
"117",4,15,20.8336162988115,"pottery","decor","folded_strip_roulette"
"118",4,16,7.24979321705666,"pottery","decor","folded_strip_roulette"
"119",4,17,58.0748466272366,"pottery","decor","folded_strip_roulette"
"120",4,22,209.610554442218,"pottery","decor","folded_strip_roulette"
"121",15,16,4.42352980797962,"pottery","decor","folded_strip_roulette"
"122",15,17,35.4349162049236,"pottery","decor","folded_strip_roulette"
"123",15,22,127.895859630977,"pottery","decor","folded_strip_roulette"
"124",16,17,12.3308316455881,"pottery","decor","folded_strip_roulette"
"125",16,22,44.5058852166333,"pottery","decor","folded_strip_roulette"
"126",17,22,356.516714419439,"pottery","decor","folded_strip_roulette"
"127",1,18,100,"pottery","decor","braided_strip_roulette"
"128",1,14,473.0538922,"pottery","decor","braided_strip_roulette"
"129",1,19,380,"pottery","decor","braided_strip_roulette"
"130",1,4,453,"pottery","decor","braided_strip_roulette"
"131",1,5,625.0604741,"pottery","decor","braided_strip_roulette"
"132",1,6,149.837483,"pottery","decor","braided_strip_roulette"
"133",18,14,473.0538922,"pottery","decor","braided_strip_roulette"
"134",18,19,380,"pottery","decor","braided_strip_roulette"
"135",18,4,453,"pottery","decor","braided_strip_roulette"
"136",18,5,625.0604741,"pottery","decor","braided_strip_roulette"
"137",18,6,149.837483,"pottery","decor","braided_strip_roulette"
"138",14,19,1797.60479036,"pottery","decor","braided_strip_roulette"
"139",14,4,2142.934131666,"pottery","decor","braided_strip_roulette"
"140",14,5,2956.87290133382,"pottery","decor","braided_strip_roulette"
"141",14,6,708.812045306013,"pottery","decor","braided_strip_roulette"
"142",19,4,1721.4,"pottery","decor","braided_strip_roulette"
"143",19,5,2375.22980158,"pottery","decor","braided_strip_roulette"
"144",19,6,569.3824354,"pottery","decor","braided_strip_roulette"
"145",4,5,2831.523947673,"pottery","decor","braided_strip_roulette"
"146",4,6,678.76379799,"pottery","decor","braided_strip_roulette"
"147",5,6,936.574881619307,"pottery","decor","braided_strip_roulette"
"148",7,2,130.8980213,"pottery","decor","braided_cord_roulette"
"149",7,8,26.3111600569468,"pottery","decor","braided_cord_roulette"
"150",7,3,8.87611528231332,"pottery","decor","braided_cord_roulette"
"151",7,10,598.325456360779,"pottery","decor","braided_cord_roulette"
"152",7,11,544.130338166628,"pottery","decor","braided_cord_roulette"
"153",7,12,558.183754457901,"pottery","decor","braided_cord_roulette"
"154",7,13,130.8980213,"pottery","decor","braided_cord_roulette"
"155",7,20,75.1567586377663,"pottery","decor","braided_cord_roulette"
"156",7,14,117.573073022071,"pottery","decor","braided_cord_roulette"
"157",7,4,47.0796549942334,"pottery","decor","braided_cord_roulette"
"158",7,6,1.33842557890361,"pottery","decor","braided_cord_roulette"
"159",7,15,60.0041863344652,"pottery","decor","braided_cord_roulette"
"160",7,16,303.696401830002,"pottery","decor","braided_cord_roulette"
"161",7,17,240.916603679058,"pottery","decor","braided_cord_roulette"
"162",7,22,7.86962051903807,"pottery","decor","braided_cord_roulette"
"163",2,8,20.10050251,"pottery","decor","braided_cord_roulette"
"164",2,3,6.78093923358131,"pottery","decor","braided_cord_roulette"
"165",2,10,457.0928196,"pottery","decor","braided_cord_roulette"
"166",2,11,415.69027,"pottery","decor","braided_cord_roulette"
"167",2,12,426.4264264,"pottery","decor","braided_cord_roulette"
"168",2,13,100,"pottery","decor","braided_cord_roulette"
"169",2,20,57.41626794,"pottery","decor","braided_cord_roulette"
"170",2,14,89.82035928,"pottery","decor","braided_cord_roulette"
"171",2,4,35.9666666666667,"pottery","decor","braided_cord_roulette"
"172",2,6,1.02249489,"pottery","decor","braided_cord_roulette"
"173",2,15,45.8404074702886,"pottery","decor","braided_cord_roulette"
"174",2,16,232.0099256,"pottery","decor","braided_cord_roulette"
"175",2,17,184.0490798,"pottery","decor","braided_cord_roulette"
"176",2,22,6.01202404809619,"pottery","decor","braided_cord_roulette"
"177",8,3,1.36300286084759,"pottery","decor","braided_cord_roulette"
"178",8,10,91.8779536767278,"pottery","decor","braided_cord_roulette"
"179",8,11,83.5558331551758,"pottery","decor","braided_cord_roulette"
"180",8,12,85.7138545418353,"pottery","decor","braided_cord_roulette"
"181",8,13,20.10050251,"pottery","decor","braided_cord_roulette"
"182",8,20,11.540958378428,"pottery","decor","braided_cord_roulette"
"183",8,14,18.0543435715674,"pottery","decor","braided_cord_roulette"
"184",8,4,7.22948073609667,"pottery","decor","braided_cord_roulette"
"185",8,6,0.205526611029072,"pottery","decor","braided_cord_roulette"
"186",8,15,9.21415225415959,"pottery","decor","braided_cord_roulette"
"187",8,16,46.6351609186771,"pottery","decor","braided_cord_roulette"
"188",8,17,36.9947899048309,"pottery","decor","braided_cord_roulette"
"189",8,22,1.20844704468938,"pottery","decor","braided_cord_roulette"
"190",3,10,30.9951863381394,"pottery","decor","braided_cord_roulette"
"191",3,11,28.1877046086101,"pottery","decor","braided_cord_roulette"
"192",3,12,28.9157168501163,"pottery","decor","braided_cord_roulette"
"193",3,13,6.78093923358131,"pottery","decor","braided_cord_roulette"
"194",3,20,3.89336223920163,"pottery","decor","braided_cord_roulette"
"195",3,14,6.09066398216121,"pottery","decor","braided_cord_roulette"
"196",3,4,2.43887781101141,"pottery","decor","braided_cord_roulette"
"197",3,6,0.0693347571573741,"pottery","decor","braided_cord_roulette"
"198",3,15,3.10841017498634,"pottery","decor","braided_cord_roulette"
"199",3,16,15.7324520708132,"pottery","decor","braided_cord_roulette"
"200",3,17,12.4802562612036,"pottery","decor","braided_cord_roulette"
"201",3,22,0.407671697409698,"pottery","decor","braided_cord_roulette"
"202",10,11,1900.09037594585,"pottery","decor","braided_cord_roulette"
"203",10,12,1949.16457595128,"pottery","decor","braided_cord_roulette"
"204",10,13,457.0928196,"pottery","decor","braided_cord_roulette"
"205",10,20,262.445638036037,"pottery","decor","braided_cord_roulette"
"206",10,14,410.562412807802,"pottery","decor","braided_cord_roulette"
"207",10,4,164.4010507828,"pottery","decor","braided_cord_roulette"
"208",10,6,4.67375072296692,"pottery","decor","braided_cord_roulette"
"209",10,15,209.533211022071,"pottery","decor","braided_cord_roulette"
"210",10,16,1060.5007106769,"pottery","decor","braided_cord_roulette"
"211",10,17,841.275128305674,"pottery","decor","braided_cord_roulette"
"212",10,22,27.4805302364729,"pottery","decor","braided_cord_roulette"
"213",11,12,1772.61316325351,"pottery","decor","braided_cord_roulette"
"214",11,13,415.69027,"pottery","decor","braided_cord_roulette"
"215",11,20,238.673839223709,"pottery","decor","braided_cord_roulette"
"216",11,14,373.374494006002,"pottery","decor","braided_cord_roulette"
"217",11,4,149.509933776667,"pottery","decor","braided_cord_roulette"
"218",11,6,4.2504117689772,"pottery","decor","braided_cord_roulette"
"219",11,15,190.554113582343,"pottery","decor","braided_cord_roulette"
"220",11,16,964.442686153439,"pottery","decor","braided_cord_roulette"
"221",11,17,765.074116753136,"pottery","decor","braided_cord_roulette"
"222",11,22,24.991398997996,"pottery","decor","braided_cord_roulette"
"223",12,13,426.4264264,"pottery","decor","braided_cord_roulette"
"224",12,20,244.838139548791,"pottery","decor","braided_cord_roulette"
"225",12,14,383.017748257345,"pottery","decor","braided_cord_roulette"
"226",12,4,153.371371361867,"pottery","decor","braided_cord_roulette"
"227",12,6,4.36018841954961,"pottery","decor","braided_cord_roulette"
"228",12,15,195.47561142275,"pottery","decor","braided_cord_roulette"
"229",12,16,989.351634629379,"pottery","decor","braided_cord_roulette"
"230",12,17,784.833913813224,"pottery","decor","braided_cord_roulette"
"231",12,22,25.6368593026052,"pottery","decor","braided_cord_roulette"
"232",13,20,57.41626794,"pottery","decor","braided_cord_roulette"
"233",13,14,89.82035928,"pottery","decor","braided_cord_roulette"
"234",13,4,35.9666666666667,"pottery","decor","braided_cord_roulette"
"235",13,6,1.02249489,"pottery","decor","braided_cord_roulette"
"236",13,15,45.8404074702886,"pottery","decor","braided_cord_roulette"
"237",13,16,232.0099256,"pottery","decor","braided_cord_roulette"
"238",13,17,184.0490798,"pottery","decor","braided_cord_roulette"
"239",13,22,6.01202404809619,"pottery","decor","braided_cord_roulette"
"240",20,14,51.5714981488755,"pottery","decor","braided_cord_roulette"
"241",20,4,20.65071770242,"pottery","decor","braided_cord_roulette"
"242",20,6,0.587078405715208,"pottery","decor","braided_cord_roulette"
"243",20,15,26.3198511779287,"pottery","decor","braided_cord_roulette"
"244",20,16,133.211440529891,"pottery","decor","braided_cord_roulette"
"245",20,17,105.674112799072,"pottery","decor","braided_cord_roulette"
"246",20,22,3.45187983607214,"pottery","decor","braided_cord_roulette"
"247",14,4,32.30538922104,"pottery","decor","braided_cord_roulette"
"248",14,6,0.918408583817641,"pottery","decor","braided_cord_roulette"
"249",14,15,41.1740186852292,"pottery","decor","braided_cord_roulette"
"250",14,16,208.392148739181,"pottery","decor","braided_cord_roulette"
"251",14,17,165.313544727894,"pottery","decor","braided_cord_roulette"
"252",14,22,5.4000216,"pottery","decor","braided_cord_roulette"
"253",4,6,0.36775732877,"pottery","decor","braided_cord_roulette"
"254",4,15,16.4872665534805,"pottery","decor","braided_cord_roulette"
"255",4,16,83.4462365741334,"pottery","decor","braided_cord_roulette"
"256",4,17,66.1963190347334,"pottery","decor","braided_cord_roulette"
"257",4,22,2.1623246492986,"pottery","decor","braided_cord_roulette"
"258",6,15,0.468715823938879,"pottery","decor","braided_cord_roulette"
"259",6,16,2.3722896335528,"pottery","decor","braided_cord_roulette"
"260",6,17,1.88189243604702,"pottery","decor","braided_cord_roulette"
"261",6,22,0.0614726386773547,"pottery","decor","braided_cord_roulette"
"262",15,16,106.354295266553,"pottery","decor","braided_cord_roulette"
"263",15,17,84.3688481256366,"pottery","decor","braided_cord_roulette"
"264",15,22,2.75593632085903,"pottery","decor","braided_cord_roulette"
"265",16,17,427.012133111465,"pottery","decor","braided_cord_roulette"
"266",16,22,13.9484925210421,"pottery","decor","braided_cord_roulette"
"267",17,22,11.0650749378757,"pottery","decor","braided_cord_roulette"
"268",7,9,5.82059494586675,"pottery","decor","cord_wrapped_roulette"
"269",7,3,0.730937577966101,"pottery","decor","cord_wrapped_roulette"
"270",7,11,0.241659953816832,"pottery","decor","cord_wrapped_roulette"
"271",7,13,1.293759513,"pottery","decor","cord_wrapped_roulette"
"272",7,14,16.2688322001759,"pottery","decor","cord_wrapped_roulette"
"273",7,4,5.6925418572,"pottery","decor","cord_wrapped_roulette"
"274",7,15,2.63584281086588,"pottery","decor","cord_wrapped_roulette"
"275",9,3,2.54179520056497,"pottery","decor","cord_wrapped_roulette"
"276",9,11,0.840359189754042,"pottery","decor","cord_wrapped_roulette"
"277",9,13,4.498977505,"pottery","decor","cord_wrapped_roulette"
"278",9,14,56.5739686284425,"pottery","decor","cord_wrapped_roulette"
"279",9,4,19.795501022,"pottery","decor","cord_wrapped_roulette"
"280",9,15,9.16599831239389,"pottery","decor","cord_wrapped_roulette"
"281",3,11,0.105530468361582,"pottery","decor","cord_wrapped_roulette"
"282",3,13,0.564971751412429,"pottery","decor","cord_wrapped_roulette"
"283",3,14,7.10443519774011,"pottery","decor","cord_wrapped_roulette"
"284",3,4,2.48587570621469,"pottery","decor","cord_wrapped_roulette"
"285",3,15,1.15104601306437,"pottery","decor","cord_wrapped_roulette"
"286",11,13,0.186788929,"pottery","decor","cord_wrapped_roulette"
"287",11,14,2.34884281987233,"pottery","decor","cord_wrapped_roulette"
"288",11,4,0.8218712876,"pottery","decor","cord_wrapped_roulette"
"289",11,15,0.380554694057725,"pottery","decor","cord_wrapped_roulette"
"290",13,14,12.5748503,"pottery","decor","cord_wrapped_roulette"
"291",13,4,4.4,"pottery","decor","cord_wrapped_roulette"
"292",13,15,2.03735144312394,"pottery","decor","cord_wrapped_roulette"
"293",14,4,55.32934132,"pottery","decor","cord_wrapped_roulette"
"294",14,15,25.6193894057725,"pottery","decor","cord_wrapped_roulette"
"295",4,15,8.96434634974534,"pottery","decor","cord_wrapped_roulette"
"296",8,9,72.6793476417861,"pottery","decor","dragged_comb"
"297",8,3,275.701471603185,"pottery","decor","dragged_comb"
"298",8,10,335.565744697872,"pottery","decor","dragged_comb"
"299",8,11,280.759375034966,"pottery","decor","dragged_comb"
"300",8,12,241.296572936871,"pottery","decor","dragged_comb"
"301",8,20,170.048808604239,"pottery","decor","dragged_comb"
"302",8,15,183.643173404075,"pottery","decor","dragged_comb"
"303",8,16,383.430801587597,"pottery","decor","dragged_comb"
"304",8,17,382.988562504726,"pottery","decor","dragged_comb"
"305",9,3,20.9800261939457,"pottery","decor","dragged_comb"
"306",9,10,25.5355115539068,"pottery","decor","dragged_comb"
"307",9,11,21.3649169450475,"pottery","decor","dragged_comb"
"308",9,12,18.361920200452,"pottery","decor","dragged_comb"
"309",9,20,12.9401864923704,"pottery","decor","dragged_comb"
"310",9,15,13.9746754558574,"pottery","decor","dragged_comb"
"311",9,16,29.1778938070073,"pottery","decor","dragged_comb"
"312",9,17,29.1442407855393,"pottery","decor","dragged_comb"
"313",3,10,96.8662810273295,"pottery","decor","dragged_comb"
"314",3,11,81.045568425587,"pottery","decor","dragged_comb"
"315",3,12,69.6540156864904,"pottery","decor","dragged_comb"
"316",3,20,49.087238321812,"pottery","decor","dragged_comb"
"317",3,15,53.011463550089,"pottery","decor","dragged_comb"
"318",3,16,110.683275536837,"pottery","decor","dragged_comb"
"319",3,17,110.555616334551,"pottery","decor","dragged_comb"
"320",10,11,98.6433491451857,"pottery","decor","dragged_comb"
"321",10,12,84.7782984585433,"pottery","decor","dragged_comb"
"322",10,20,59.7457662697165,"pottery","decor","dragged_comb"
"323",10,15,64.5220757809847,"pottery","decor","dragged_comb"
"324",10,16,134.716421951406,"pottery","decor","dragged_comb"
"325",10,17,134.561043545069,"pottery","decor","dragged_comb"
"326",11,12,70.931859010755,"pottery","decor","dragged_comb"
"327",11,20,49.9877721844746,"pottery","decor","dragged_comb"
"328",11,15,53.9839896010187,"pottery","decor","dragged_comb"
"329",11,16,112.713824434248,"pottery","decor","dragged_comb"
"330",11,17,112.583823249841,"pottery","decor","dragged_comb"
"331",12,20,42.9616219061626,"pottery","decor","dragged_comb"
"332",12,15,46.3961414736842,"pottery","decor","dragged_comb"
"333",12,16,96.8710646089911,"pottery","decor","dragged_comb"
"334",12,17,96.7593360504298,"pottery","decor","dragged_comb"
"335",20,15,32.6967286994907,"pottery","decor","dragged_comb"
"336",20,16,68.267895082343,"pottery","decor","dragged_comb"
"337",20,17,68.1891566732592,"pottery","decor","dragged_comb"
"338",15,16,73.7254967996604,"pottery","decor","dragged_comb"
"339",15,17,73.6404637351443,"pottery","decor","dragged_comb"
"340",16,17,153.754814381912,"pottery","decor","dragged_comb"
"341",7,8,247.06867671608,"pottery","decor","twisted_cord_roulette"
"342",7,9,247.102931216087,"pottery","decor","twisted_cord_roulette"
"343",7,3,72.8903034632066,"pottery","decor","twisted_cord_roulette"
"344",7,21,151.515151545455,"pottery","decor","twisted_cord_roulette"
"345",7,10,5.83771161783421,"pottery","decor","twisted_cord_roulette"
"346",7,11,57.1687326781004,"pottery","decor","twisted_cord_roulette"
"347",7,12,70.0700700806807,"pottery","decor","twisted_cord_roulette"
"348",7,20,494.417862932217,"pottery","decor","twisted_cord_roulette"
"349",7,18,416.66666675,"pottery","decor","twisted_cord_roulette"
"350",7,14,259.481038051896,"pottery","decor","twisted_cord_roulette"
"351",7,19,400.00000008,"pottery","decor","twisted_cord_roulette"
"352",7,5,260.441864218755,"pottery","decor","twisted_cord_roulette"
"353",7,6,71.0770777225488,"pottery","decor","twisted_cord_roulette"
"354",7,15,234.861346962649,"pottery","decor","twisted_cord_roulette"
"355",7,16,64.1025641128205,"pottery","decor","twisted_cord_roulette"
"356",7,17,53.169734160634,"pottery","decor","twisted_cord_roulette"
"357",8,9,219.78501913369,"pottery","decor","twisted_cord_roulette"
"358",8,3,64.8320789335839,"pottery","decor","twisted_cord_roulette"
"359",8,21,134.764732727273,"pottery","decor","twisted_cord_roulette"
"360",8,10,5.19233646200926,"pottery","decor","twisted_cord_roulette"
"361",8,11,50.8485712559896,"pottery","decor","twisted_cord_roulette"
"362",8,12,62.323630147123,"pottery","decor","twisted_cord_roulette"
"363",8,20,439.758601526135,"pottery","decor","twisted_cord_roulette"
"364",8,18,370.603015,"pottery","decor","twisted_cord_roulette"
"365",8,14,230.794692043511,"pottery","decor","twisted_cord_roulette"
"366",8,19,355.7788944,"pottery","decor","twisted_cord_roulette"
"367",8,5,231.649296221729,"pottery","decor","twisted_cord_roulette"
"368",8,6,63.2193103106343,"pottery","decor","twisted_cord_roulette"
"369",8,15,208.896775857386,"pottery","decor","twisted_cord_roulette"
"370",8,16,57.0158484592578,"pottery","decor","twisted_cord_roulette"
"371",8,17,47.2916730785723,"pottery","decor","twisted_cord_roulette"
"372",9,3,64.841067488822,"pottery","decor","twisted_cord_roulette"
"373",9,21,134.783417,"pottery","decor","twisted_cord_roulette"
"374",9,10,5.19305634642252,"pottery","decor","twisted_cord_roulette"
"375",9,11,50.8556210868608,"pottery","decor","twisted_cord_roulette"
"376",9,12,62.3322709218974,"pottery","decor","twisted_cord_roulette"
"377",9,20,439.819571258192,"pottery","decor","twisted_cord_roulette"
"378",9,18,370.65439675,"pottery","decor","twisted_cord_roulette"
"379",9,14,230.826690259089,"pottery","decor","twisted_cord_roulette"
"380",9,19,355.82822088,"pottery","decor","twisted_cord_roulette"
"381",9,5,231.681412922739,"pottery","decor","twisted_cord_roulette"
"382",9,6,63.2280752657644,"pottery","decor","twisted_cord_roulette"
"383",9,15,208.925738066214,"pottery","decor","twisted_cord_roulette"
"384",9,16,57.0237533438729,"pottery","decor","twisted_cord_roulette"
"385",9,17,47.2982297681427,"pottery","decor","twisted_cord_roulette"
"386",3,21,39.7583473356155,"pottery","decor","twisted_cord_roulette"
"387",3,10,1.5318452562639,"pottery","decor","twisted_cord_roulette"
"388",3,11,15.0013665786487,"pottery","decor","twisted_cord_roulette"
"389",3,12,18.3867432113736,"pottery","decor","twisted_cord_roulette"
"390",3,20,129.737764988439,"pottery","decor","twisted_cord_roulette"
"391",3,18,109.335455172943,"pottery","decor","twisted_cord_roulette"
"392",3,14,68.0891457563464,"pottery","decor","twisted_cord_roulette"
"393",3,19,104.962036966025,"pottery","decor","twisted_cord_roulette"
"394",3,5,68.3412714354053,"pottery","decor","twisted_cord_roulette"
"395",3,6,18.6509871446478,"pottery","decor","twisted_cord_roulette"
"396",3,15,61.6288134421342,"pottery","decor","twisted_cord_roulette"
"397",3,16,16.820839256703,"pottery","decor","twisted_cord_roulette"
"398",3,17,13.9520090033151,"pottery","decor","twisted_cord_roulette"
"399",21,10,3.18420633636364,"pottery","decor","twisted_cord_roulette"
"400",21,11,31.1829450909091,"pottery","decor","twisted_cord_roulette"
"401",21,12,38.2200382181818,"pottery","decor","twisted_cord_roulette"
"402",21,20,269.682470636364,"pottery","decor","twisted_cord_roulette"
"403",21,18,227.272727272727,"pottery","decor","twisted_cord_roulette"
"404",21,14,141.535111636364,"pottery","decor","twisted_cord_roulette"
"405",21,19,218.181818181818,"pottery","decor","twisted_cord_roulette"
"406",21,5,142.059198636364,"pottery","decor","twisted_cord_roulette"
"407",21,6,38.7693151136364,"pottery","decor","twisted_cord_roulette"
"408",21,15,128.106189226733,"pottery","decor","twisted_cord_roulette"
"409",21,16,34.9650349636364,"pottery","decor","twisted_cord_roulette"
"410",21,17,29.0016731727273,"pottery","decor","twisted_cord_roulette"
"411",10,11,1.20144446927392,"pottery","decor","twisted_cord_roulette"
"412",10,12,1.47257590323178,"pottery","decor","twisted_cord_roulette"
"413",10,20,10.3905680448588,"pottery","decor","twisted_cord_roulette"
"414",10,18,8.756567425,"pottery","decor","twisted_cord_roulette"
"415",10,14,5.45319169141437,"pottery","decor","twisted_cord_roulette"
"416",10,19,8.406304728,"pottery","decor","twisted_cord_roulette"
"417",10,5,5.47338418528346,"pottery","decor","twisted_cord_roulette"
"418",10,6,1.49373893597996,"pottery","decor","twisted_cord_roulette"
"419",10,15,4.93579012750425,"pottery","decor","twisted_cord_roulette"
"420",10,16,1.34716421917688,"pottery","decor","twisted_cord_roulette"
"421",10,17,1.11740246892912,"pottery","decor","twisted_cord_roulette"
"422",11,12,14.4209415728731,"pottery","decor","twisted_cord_roulette"
"423",11,20,101.754873453397,"pottery","decor","twisted_cord_roulette"
"424",11,18,85.753099,"pottery","decor","twisted_cord_roulette"
"425",11,14,53.4031275365682,"pottery","decor","twisted_cord_roulette"
"426",11,19,82.32297504,"pottery","decor","twisted_cord_roulette"
"427",11,5,53.6008727079089,"pottery","decor","twisted_cord_roulette"
"428",11,6,14.6281912352482,"pottery","decor","twisted_cord_roulette"
"429",11,15,48.3362120000001,"pottery","decor","twisted_cord_roulette"
"430",11,16,13.1927844610107,"pottery","decor","twisted_cord_roulette"
"431",11,17,10.9427267432847,"pottery","decor","twisted_cord_roulette"
"432",12,20,124.718019447396,"pottery","decor","twisted_cord_roulette"
"433",12,18,105.1051051,"pottery","decor","twisted_cord_roulette"
"434",12,14,65.454676249073,"pottery","decor","twisted_cord_roulette"
"435",12,19,100.900900896,"pottery","decor","twisted_cord_roulette"
"436",12,5,65.6970468136258,"pottery","decor","twisted_cord_roulette"
"437",12,6,17.9293529345646,"pottery","decor","twisted_cord_roulette"
"438",12,15,59.2443037235994,"pottery","decor","twisted_cord_roulette"
"439",12,16,16.170016168584,"pottery","decor","twisted_cord_roulette"
"440",12,17,13.4121851903395,"pottery","decor","twisted_cord_roulette"
"441",20,18,741.62679425,"pottery","decor","twisted_cord_roulette"
"442",20,14,461.851416913446,"pottery","decor","twisted_cord_roulette"
"443",20,19,711.96172248,"pottery","decor","twisted_cord_roulette"
"444",20,5,463.561595545006,"pottery","decor","twisted_cord_roulette"
"445",20,6,126.510396685175,"pottery","decor","twisted_cord_roulette"
"446",20,15,418.030722735145,"pottery","decor","twisted_cord_roulette"
"447",20,16,114.096429880052,"pottery","decor","twisted_cord_roulette"
"448",20,17,94.6370387730942,"pottery","decor","twisted_cord_roulette"
"449",18,14,389.221557,"pottery","decor","twisted_cord_roulette"
"450",18,19,600,"pottery","decor","twisted_cord_roulette"
"451",18,5,390.66279625,"pottery","decor","twisted_cord_roulette"
"452",18,6,106.6156165625,"pottery","decor","twisted_cord_roulette"
"453",18,15,352.292020373515,"pottery","decor","twisted_cord_roulette"
"454",18,16,96.15384615,"pottery","decor","twisted_cord_roulette"
"455",18,17,79.754601225,"pottery","decor","twisted_cord_roulette"
"456",14,19,373.65269472,"pottery","decor","twisted_cord_roulette"
"457",14,5,243.287010909438,"pottery","decor","twisted_cord_roulette"
"458",14,6,66.395354046354,"pottery","decor","twisted_cord_roulette"
"459",14,15,219.391437901528,"pottery","decor","twisted_cord_roulette"
"460",14,16,59.8802395360663,"pottery","decor","twisted_cord_roulette"
"461",14,17,49.6675361067338,"pottery","decor","twisted_cord_roulette"
"462",19,5,375.0362844,"pottery","decor","twisted_cord_roulette"
"463",19,6,102.3509919,"pottery","decor","twisted_cord_roulette"
"464",19,15,338.200339558574,"pottery","decor","twisted_cord_roulette"
"465",19,16,92.307692304,"pottery","decor","twisted_cord_roulette"
"466",19,17,76.564417176,"pottery","decor","twisted_cord_roulette"
"467",5,6,66.6412078243585,"pottery","decor","twisted_cord_roulette"
"468",5,15,220.203817241087,"pottery","decor","twisted_cord_roulette"
"469",5,16,60.1019686514421,"pottery","decor","twisted_cord_roulette"
"470",5,17,49.8514488453795,"pottery","decor","twisted_cord_roulette"
"471",6,15,60.0957295394738,"pottery","decor","twisted_cord_roulette"
"472",6,16,16.4024025474208,"pottery","decor","twisted_cord_roulette"
"473",6,17,13.6049375732795,"pottery","decor","twisted_cord_roulette"
"474",15,16,54.1987723629882,"pottery","decor","twisted_cord_roulette"
"475",15,17,44.9550553594228,"pottery","decor","twisted_cord_roulette"
"476",16,17,12.2699386495092,"pottery","decor","twisted_cord_roulette"
"477",7,8,0.956074133139059,"pottery","decor","paint"
"478",7,9,3.00367601095361,"pottery","decor","paint"
"479",7,3,0.628120828223191,"pottery","decor","paint"
"480",7,21,7.84096676969697,"pottery","decor","paint"
"481",7,10,0.159937305068413,"pottery","decor","paint"
"482",7,11,0.175752693702548,"pottery","decor","paint"
"483",7,12,0.0457078083627006,"pottery","decor","paint"
"484",7,20,2.33044213517147,"pottery","decor","paint"
"485",7,15,1.31792140950764,"pottery","decor","paint"
"486",7,16,0.415453355338009,"pottery","decor","paint"
"487",7,17,0.634973996057745,"pottery","decor","paint"
"488",7,22,2.34868520120241,"pottery","decor","paint"
"489",8,9,123.958236994017,"pottery","decor","paint"
"490",8,3,25.9218205298543,"pottery","decor","paint"
"491",8,21,323.587635136364,"pottery","decor","paint"
"492",8,10,6.60042770710162,"pottery","decor","paint"
"493",8,11,7.25311051487229,"pottery","decor","paint"
"494",8,12,1.88630841703261,"pottery","decor","paint"
"495",8,20,96.1746531380106,"pottery","decor","paint"
"496",8,15,54.389093172326,"pottery","decor","paint"
"497",8,16,17.1452797482637,"pottery","decor","paint"
"498",8,17,26.2046428447437,"pottery","decor","paint"
"499",8,22,96.9275233857716,"pottery","decor","paint"
"500",9,3,81.4379845526515,"pottery","decor","paint"
"501",9,21,1016.60779578788,"pottery","decor","paint"
"502",9,10,20.7364112035558,"pottery","decor","paint"
"503",9,11,22.7869296984197,"pottery","decor","paint"
"504",9,12,5.9261715646444,"pottery","decor","paint"
"505",9,20,302.149685342873,"pottery","decor","paint"
"506",9,15,170.872957186757,"pottery","decor","paint"
"507",9,16,53.8649291889774,"pottery","decor","paint"
"508",9,17,82.3265208838314,"pottery","decor","paint"
"509",9,22,304.514960402806,"pottery","decor","paint"
"510",3,21,212.590348739279,"pottery","decor","paint"
"511",3,10,4.33634377744321,"pottery","decor","paint"
"512",3,11,4.76514281255352,"pottery","decor","paint"
"513",3,12,1.2392654127152,"pottery","decor","paint"
"514",3,20,63.1847475935623,"pottery","decor","paint"
"515",3,15,35.7325034383508,"pottery","decor","paint"
"516",3,16,11.2640923358516,"pottery","decor","paint"
"517",3,17,17.2159055416462,"pottery","decor","paint"
"518",3,22,63.6793676938004,"pottery","decor","paint"
"519",21,10,54.1315077181818,"pottery","decor","paint"
"520",21,11,59.4842978727273,"pottery","decor","paint"
"521",21,12,15.4700154545455,"pottery","decor","paint"
"522",21,20,788.748731090909,"pottery","decor","paint"
"523",21,15,446.056490199105,"pottery","decor","paint"
"524",21,16,140.61207609697,"pottery","decor","paint"
"525",21,17,214.909834536364,"pottery","decor","paint"
"526",21,22,794.923179692719,"pottery","decor","paint"
"527",10,11,1.21333995859013,"pottery","decor","paint"
"528",10,12,0.315551978963727,"pottery","decor","paint"
"529",10,20,16.0886214840681,"pottery","decor","paint"
"530",10,15,9.09850469286927,"pottery","decor","paint"
"531",10,16,2.86815607967347,"pottery","decor","paint"
"532",10,17,4.38365583964501,"pottery","decor","paint"
"533",10,22,16.2145657328657,"pottery","decor","paint"
"534",11,12,0.346755313166758,"pottery","decor","paint"
"535",11,20,17.679543634777,"pottery","decor","paint"
"536",11,15,9.99820965942275,"pottery","decor","paint"
"537",11,16,3.15177348240506,"pottery","decor","paint"
"538",11,17,4.81713332454215,"pottery","decor","paint"
"539",11,22,17.8179418713427,"pottery","decor","paint"
"540",12,20,4.59789932873543,"pottery","decor","paint"
"541",12,15,2.6002233106961,"pottery","decor","paint"
"542",12,16,0.819678238219361,"pottery","decor","paint"
"543",12,17,1.25278652757604,"pottery","decor","paint"
"544",12,22,4.63389240480962,"pottery","decor","paint"
"545",20,15,132.574065157895,"pottery","decor","paint"
"546",20,16,41.7918244618424,"pottery","decor","paint"
"547",20,17,63.8741303689553,"pottery","decor","paint"
"548",20,22,236.261997607215,"pottery","decor","paint"
"549",15,16,23.6342878329372,"pottery","decor","paint"
"550",15,17,36.1223660765705,"pottery","decor","paint"
"551",15,22,133.61187570387,"pottery","decor","paint"
"552",16,17,11.3869902112491,"pottery","decor","paint"
"553",16,22,42.1189774092185,"pottery","decor","paint"
"554",17,22,64.3741470655311,"pottery","decor","paint"
"555",3,11,0.0172881566742081,"pottery","decor","impressed_comb"
"556",7,8,217.06707050322,"pottery","decor","incised"
"557",7,9,199.269779927801,"pottery","decor","incised"
"558",7,3,10.4072865756825,"pottery","decor","incised"
"559",7,10,1.17287357017249,"pottery","decor","incised"
"560",7,11,2.8430582721584,"pottery","decor","incised"
"561",7,12,2.01114356165252,"pottery","decor","incised"
"562",7,14,88.2253757288437,"pottery","decor","incised"
"563",7,6,220.524698279796,"pottery","decor","incised"
"564",7,15,6.82218139252972,"pottery","decor","incised"
"565",7,16,71.4579768995475,"pottery","decor","incised"
"566",7,17,76.4209877665401,"pottery","decor","incised"
"567",7,22,1.3421058250501,"pottery","decor","incised"
"568",8,9,964.407929269214,"pottery","decor","incised"
"569",8,3,50.3682480073083,"pottery","decor","incised"
"570",8,10,5.67636784420834,"pottery","decor","incised"
"571",8,11,13.7595773028776,"pottery","decor","incised"
"572",8,12,9.73335143170809,"pottery","decor","incised"
"573",8,14,426.985225489185,"pottery","decor","incised"
"574",8,6,1067.27556831644,"pottery","decor","incised"
"575",8,15,33.0173789134126,"pottery","decor","incised"
"576",8,16,345.835879160548,"pottery","decor","incised"
"577",8,17,369.855412051642,"pottery","decor","incised"
"578",8,22,6.49540286573145,"pottery","decor","incised"
"579",9,3,46.2385642948838,"pottery","decor","incised"
"580",9,10,5.21096345236696,"pottery","decor","incised"
"581",9,11,12.6314320025032,"pottery","decor","incised"
"582",9,12,8.93531567574937,"pottery","decor","incised"
"583",9,14,391.976782652485,"pottery","decor","incised"
"584",9,6,979.769833939784,"pottery","decor","incised"
"585",9,15,30.3102898777589,"pottery","decor","incised"
"586",9,16,317.48085682318,"pottery","decor","incised"
"587",9,17,339.531032476634,"pottery","decor","incised"
"588",9,22,5.96284593787574,"pottery","decor","incised"
"589",3,10,0.272153610064908,"pottery","decor","incised"
"590",3,11,0.659703306537133,"pottery","decor","incised"
"591",3,12,0.466665798072364,"pottery","decor","incised"
"592",3,14,20.4718182032241,"pottery","decor","incised"
"593",3,6,51.1705560357152,"pottery","decor","incised"
"594",3,15,1.58301912645328,"pottery","decor","incised"
"595",3,16,16.5811105951399,"pottery","decor","incised"
"596",3,17,17.732727750299,"pottery","decor","incised"
"597",3,22,0.311422266359713,"pottery","decor","incised"
"598",10,11,0.0743468114158339,"pottery","decor","incised"
"599",10,12,0.0525919966441047,"pottery","decor","incised"
"600",10,14,2.3071195675577,"pottery","decor","incised"
"601",10,6,5.76678582922418,"pottery","decor","incised"
"602",10,15,0.178402053310696,"pottery","decor","incised"
"603",10,16,1.86864714829584,"pottery","decor","incised"
"604",10,17,1.99843134462991,"pottery","decor","incised"
"605",10,22,0.0350964627254508,"pottery","decor","incised"
"606",11,12,0.127483571043688,"pottery","decor","incised"
"607",11,14,5.59248288836347,"pottery","decor","incised"
"608",11,6,13.9787514805457,"pottery","decor","incised"
"609",11,15,0.432448514770798,"pottery","decor","incised"
"610",11,16,4.529620982018,"pottery","decor","incised"
"611",11,17,4.84421928346046,"pottery","decor","incised"
"612",11,22,0.0850742068136271,"pottery","decor","incised"
"613",12,14,3.95605185610401,"pottery","decor","incised"
"614",12,6,9.888392480502,"pottery","decor","incised"
"615",12,15,0.305908624787776,"pottery","decor","incised"
"616",12,16,3.20419674964866,"pottery","decor","incised"
"617",12,17,3.42673961999668,"pottery","decor","incised"
"618",12,22,0.0601804208416832,"pottery","decor","incised"
"619",14,6,433.786607073301,"pottery","decor","incised"
"620",14,15,13.4196801636672,"pottery","decor","incised"
"621",14,16,140.562547367136,"pottery","decor","incised"
"622",14,17,150.325116646923,"pottery","decor","incised"
"623",14,22,2.64001055991983,"pottery","decor","incised"
"624",6,15,33.5433076329372,"pottery","decor","incised"
"625",6,16,351.344645364236,"pottery","decor","incised"
"626",6,17,375.746781677913,"pottery","decor","incised"
"627",6,22,6.59886713286572,"pottery","decor","incised"
"628",15,16,10.8692446726655,"pottery","decor","incised"
"629",15,17,11.6241524067912,"pottery","decor","incised"
"630",15,22,0.204143431174743,"pottery","decor","incised"
"631",16,17,121.755545091611,"pottery","decor","incised"
"632",16,22,2.13827158056112,"pottery","decor","incised"
"633",17,22,2.28678215350701,"pottery","decor","incised"
"634",3,21,3.53833604082858,"pottery","decor","applied_elements"
"635",3,15,0.991214680367938,"pottery","decor","applied_elements"
"636",3,22,2.57397992549253,"pottery","decor","applied_elements"
"637",21,15,2.5724134382878,"pottery","decor","applied_elements"
"638",21,22,6.68002672010688,"pottery","decor","applied_elements"
"639",15,22,1.87131478576848,"pottery","decor","applied_elements"
"640",3,18,32.9715980264335,"pottery","decor","diagonal_fibre_mat"
"641",7,3,83.6973441071832,"pottery","decor","channel"
"642",7,21,142.059868121212,"pottery","decor","channel"
"643",7,15,228.82733426146,"pottery","decor","channel"
"644",7,22,321.769871631263,"pottery","decor","channel"
"645",3,21,86.5630146639575,"pottery","decor","channel"
"646",3,15,139.43405800073,"pottery","decor","channel"
"647",3,22,196.067830308494,"pottery","decor","channel"
"648",21,15,236.662036322477,"pottery","decor","channel"
"649",21,22,332.786785692597,"pottery","decor","channel"
"650",15,22,536.04662635968,"pottery","decor","channel"
"651",3,21,323.470402985955,"pottery","decor","cord_wrapped_impressed"
"652",3,15,27.1846943086668,"pottery","decor","cord_wrapped_impressed"
"653",21,15,3.08689612594536,"pottery","decor","cord_wrapped_impressed"
"654",3,15,0.582575984553414,"pottery","decor","dragged_organic"
"655",3,15,0.108832876235253,"pottery","decor","knotted_cord_roulette"
"656",3,15,0.118383302211539,"pottery","decor","perforation"
"657",3,22,0.139735000005203,"pottery","decor","perforation"
"658",15,22,0.0340239051957906,"pottery","decor","perforation"
"659",3,21,142.051744825391,"pottery","decor","twisted_cord_impressed"
"660",3,15,3.18350260050112,"pottery","decor","twisted_cord_impressed"
"661",21,15,5.1448268765756,"pottery","decor","twisted_cord_impressed"
